Perguntas,Respostas
"Oi, me ajude com um caso específico.","Claro, me contextualize sobre o caso."
"Oi, me ajude com uma cliente.",Como posso ajudar? Me forneça mais detalhes sobre a situação.
Preciso de apoio em uma negociação.,"Com certeza, quais são os detalhes da negociação?"
Estou lidando com uma contraproposta complicada.,Me explique o contexto da contraproposta para que eu possa orientá-la.
Como posso melhorar minha estratégia de negociação?,Vamos analisar sua estratégia atual. O que já foi discutido?
Tenho uma reunião importante em breve.,Qual é o objetivo da reunião? Posso sugerir algumas estratégias.
Estou enfrentando dificuldades para chegar a um acordo.,Quais são os principais pontos de impasse?
Preciso preparar uma proposta.,Me forneça mais informações sobre o acordo desejado.
Estou negociando um contrato complexo.,Qual é o foco principal do contrato? Vamos trabalhar juntos nisso.
O que você sugere para abrir uma negociação?,Sugiro começar estabelecendo um tom profissional e colaborativo. Qual é o contexto?
Como lido com uma parte que não quer ceder?,Me conte mais sobre o comportamento da outra parte.
Preciso revisar uma proposta antes de enviar.,"Claro, envie os detalhes da proposta para que eu possa revisar."
Tenho que responder uma contraproposta.,Qual foi o teor da contraproposta? Posso ajudar a elaborar uma resposta.
Estou em uma negociação internacional.,Existem particularidades culturais envolvidas? Compartilhe mais detalhes.
Preciso identificar pontos de concessão.,Quais são suas prioridades? Vamos definir juntos os pontos flexíveis.
O cliente não está satisfeito com a proposta.,O que o cliente mencionou como pontos críticos?
Estou definindo condições para um acordo.,Quais são seus objetivos principais nesse acordo?
Como gerenciar conflitos em uma negociação?,Me descreva o cenário atual para que eu possa sugerir estratégias de mediação.
Preciso de um argumento forte para a negociação.,Qual é o ponto-chave que você deseja destacar?
Como posso melhorar minha abordagem com o cliente?,Qual tem sido sua abordagem até agora? Vamos ajustá-la para obter melhores resultados.
Como posso melhorar a minha estratégia de negociação?,"1. Conhecimento de Si e do Outro
Identifique seu próprio perfil de negociador: Você é mais dominante, analítico, influente ou estável? Entender isso ajuda a potencializar suas forças e mitigar fraquezas.
Mapeie o perfil do seu interlocutor: Observe como a outra parte toma decisões, reage sob pressão e o que valoriza. Isso permitirá ajustar sua comunicação e argumentos.
2. Adaptação da Comunicação
Dominante: Seja direto, objetivo e apresente benefícios concretos. Evite rodeios e foque em resultados.
Analítico: Forneça dados, estatísticas e informações detalhadas. Crie um ambiente de segurança para a tomada de decisão.
Influente: Construa rapport, seja empático e use histórias que gerem conexão emocional. Valorize o relacionamento.
Estável: Mostre previsibilidade e segurança. Ofereça garantias e demonstre comprometimento com o bem-estar do grupo.
3. Gestão de Conflitos e Objeções
Antecipe objeções: Prepare respostas para possíveis resistências, considerando o perfil do outro negociador.
Controle emocional: Em negociações complexas, manter a calma e responder de forma estratégica é essencial para não perder o foco nos objetivos.
4. Criação de Moedas de Troca
Ofereça mais do que preço: Tempo de entrega, suporte pós-acordo, garantias adicionais ou facilidades podem ser diferenciais importantes.
Flexibilidade estratégica: Tenha alternativas (BATNA - Best Alternative to a Negotiated Agreement) bem definidas para não ficar dependente de um único resultado.
5. Decisões em Grupo
Entenda a dinâmica do grupo: Em negociações com múltiplos participantes, identifique líderes informais, influenciadores e quem realmente decide.
Negocie em camadas: Personalize sua abordagem para cada membro-chave, considerando suas motivações individuais.
Se quiser, posso ajudá-la a desenvolver uma estratégia específica para uma negociação atual, analisando o perfil da outra parte e sugerindo argumentos personalizados."
Estou analisando um contrato de prestação de serviços. O desafio é negociar a cláusula de rescisão antecipada. O que você sugere?,Proponho uma cláusula de rescisão com aviso prévio de 60 dias e uma taxa de compensação proporcional aos serviços já prestados. Isso oferece flexibilidade ao cliente e uma garantia financeira ao fornecedor. O que acha dessa abordagem?
O cliente deseja evitar qualquer tipo de taxa. Existe alguma alternativa?,"Podemos sugerir uma cláusula de rescisão por conveniência, sem taxa, mas com aviso prévio de 90 dias. Também podemos incluir uma cláusula de revisão periódica para permitir ajustes contratuais e reduzir a necessidade de rescisão."
Preciso de um argumento para apresentar essa proposta ao fornecedor de forma convincente.,Destaque o benefício da previsibilidade financeira proporcionado pelo aviso prévio estendido. Explique que o fornecedor terá tempo suficiente para se reorganizar. Enfatize o compromisso do cliente com uma relação comercial transparente e de longo prazo.
Ajude-me a redigir essa proposta com um tom profissional e objetivo.,"""Considerando o interesse mútuo em manter uma relação comercial sólida e transparente, propomos a inclusão de uma cláusula de rescisão por conveniência, com aviso prévio de 90 dias, equilibrando a flexibilidade do cliente e a previsibilidade do fornecedor."""
Vou te enviar a transcrição de uma reunião com minha cliente. Preciso que você analise os principais pontos de preocupação dela e sugira estratégias.,"Claro, envie a transcrição. Vou identificar: pontos-chave de preocupação da cliente, oportunidades de negociação e sugestões de argumentos e contrapartidas."
Aqui está a transcrição. O que você conseguiu identificar?,Principais preocupações: insegurança quanto à estabilidade do contrato e dificuldade em obter garantias do fornecedor. Oportunidades: propor garantias contratuais adicionais e oferecer flexibilidade em prazos em troca de garantias mais sólidas.
Como posso apresentar essas sugestões de forma convincente?,"Recomendo um tom assertivo e profissional: ""Considerando a importância de uma relação comercial estável, sugerimos a inclusão de garantias bilaterais que proporcionem maior segurança para ambas as partes, reforçando o compromisso com a continuidade dos serviços."""
"Estou analisando um contrato de prestação de serviços para um cliente corporativo. O principal desafio é negociar a cláusula de rescisão antecipada sem gerar conflitos. O cliente deseja ter mais flexibilidade para encerrar o contrato, mas o fornecedor está resistente. O que você sugere?","Entendido. Para equilibrar os interesses, podemos propor uma cláusula de rescisão com aviso prévio de 60 dias, acompanhado de uma taxa de compensação proporcional aos serviços já prestados. Isso oferece flexibilidade ao seu cliente e uma garantia financeira ao fornecedor. O que acha dessa abordagem?"
"Parece razoável. No entanto, o cliente deseja evitar qualquer tipo de taxa. Existe alguma alternativa?","Podemos sugerir uma cláusula de rescisão por conveniência, sem taxa, mas com um período de aviso prévio mais longo, como 90 dias. Isso dá ao fornecedor tempo suficiente para se reorganizar. Além disso, podemos incluir uma cláusula de revisão periódica, permitindo ajustes contratuais, o que pode reduzir a necessidade de rescisão."
"Excelente sugestão. Agora, preciso de um argumento para apresentar essa proposta ao fornecedor de forma convincente.","Sugiro destacar o benefício da previsibilidade financeira proporcionado pelo aviso prévio estendido. Explique que, embora não haja uma taxa, o fornecedor terá tempo suficiente para encontrar novos clientes ou ajustar sua operação. Além disso, enfatize o compromisso do seu cliente em manter uma relação comercial transparente e de longo prazo."
"Perfeito. Agora, ajude-me a redigir essa proposta com um tom profissional e objetivo.","Claro. Segue uma sugestão: ""Considerando o interesse mútuo em manter uma relação comercial sólida e transparente, propomos a inclusão de uma cláusula de rescisão por conveniência, com aviso prévio de 90 dias. Essa abordagem busca equilibrar a necessidade de flexibilidade do nosso cliente com a previsibilidade operacional da sua empresa, assegurando uma transição adequada em caso de encerramento do contrato."""
Ficou ótimo. Obrigada pelo suporte rápido e eficaz.,"Estou sempre à disposição para apoiar suas negociações de forma estratégica e eficiente. Se precisar de mais algum ajuste, por favor, avise-me."
"Minha cliente não quer fechar contrato, como eu posso influciar ela?","1. Identificação do Perfil da Cliente
Baseado nos quatro perfis principais​:

Dominante: Valoriza resultados rápidos e tangíveis. Foque em benefícios claros e diretos.
Analítica: Precisa de dados concretos, segurança e informações detalhadas. Apresente evidências e garantias.
Influente: Movida por conexões emocionais e relações interpessoais. Crie um rapport e destaque como o contrato traz reconhecimento ou benefícios sociais.
Estável: Busca segurança e previsibilidade. Mostre estabilidade, confiança e evite mudanças bruscas no processo de decisão.
2. Técnicas de Persuasão Baseadas em Cialdini​
Reciprocidade: Ofereça algo de valor antes de pedir o fechamento, como uma consultoria extra ou uma condição especial.
Compromisso e Coerência: Relembre decisões anteriores dela que indicavam uma intenção de fechar o contrato, reforçando o desejo de manter a coerência.
Prova Social: Mostre casos de sucesso de outros clientes que obtiveram resultados positivos com contratos semelhantes.
Autoridade: Destaque sua experiência e credibilidade na área, mostrando que ela está em boas mãos.
Escassez: Crie um senso de urgência, mostrando que oportunidades ou condições especiais podem não estar disponíveis por muito tempo.
3. Abordagem de Comunicação
Reformule a Proposta: Talvez o problema não esteja no contrato em si, mas na forma como está sendo apresentado. Use uma linguagem mais alinhada ao perfil dela.
Escute Ativamente: Faça perguntas abertas para entender as objeções reais. Pode ser uma questão de custo, falta de confiança, ou simplesmente insegurança.
Reforce Benefícios Personalizados: Mostre como o contrato resolve problemas específicos dela, com benefícios claros e personalizados.
4. Tática de Fechamento Suave
Alternativa de Escolha: Em vez de perguntar ""Você quer fechar o contrato?"", ofereça opções: ""Prefere começar com o pacote A ou B?""
Teste de Fechamento: Use frases como: ""Se ajustarmos essa parte, você se sentiria mais confortável para avançar?"" para medir a receptividade antes do fechamento final.
Se puder me dar mais detalhes sobre o que ela está hesitando, consigo sugerir uma abordagem ainda mais precisa."
"Estou analisando um contrato de prestação de serviços para um cliente corporativo. O principal desafio é negociar a cláusula de rescisão antecipada sem gerar conflitos. O cliente deseja ter mais flexibilidade para encerrar o contrato, mas o fornecedor está resistente. O que você sugere?","Podemos propor uma cláusula de rescisão com aviso prévio de 60 dias, acompanhado de uma taxa de compensação proporcional aos serviços já prestados. Isso oferece flexibilidade ao seu cliente e uma garantia financeira ao fornecedor."
"Parece razoável. No entanto, o cliente deseja evitar qualquer tipo de taxa. Existe alguma alternativa?","Podemos sugerir uma cláusula de rescisão por conveniência, sem taxa, mas com um período de aviso prévio mais longo, como 90 dias. Isso dá ao fornecedor tempo suficiente para se reorganizar."
"Excelente sugestão. Agora, preciso de um argumento para apresentar essa proposta ao fornecedor de forma convincente.",Destaque o benefício da previsibilidade financeira proporcionado pelo aviso prévio estendido e o compromisso do cliente em manter uma relação comercial transparente e de longo prazo.
"Perfeito. Agora, ajude-me a redigir essa proposta com um tom profissional e objetivo.","""Considerando o interesse mútuo em manter uma relação comercial sólida e transparente, propomos a inclusão de uma cláusula de rescisão por conveniência, com aviso prévio de 90 dias."""
Ficou ótimo. Obrigada pelo suporte rápido e eficaz.,Estou sempre à disposição para apoiar suas negociações de forma estratégica e eficiente.
Como lidar com uma parte que não quer ceder em uma negociação?,Identifique o que é inegociável para a outra parte e explore áreas de flexibilidade. Use perguntas abertas para entender interesses ocultos e proponha soluções que agreguem valor sem comprometer seus objetivos.
O que fazer quando a outra parte ameaça encerrar as negociações?,Mantenha a calma e reforce pontos de interesse comum. Explore o BATNA da outra parte para mostrar que continuar a negociação pode ser mais vantajoso. Demonstre flexibilidade sem comprometer sua posição principal.
Como posso ser mais persuasivo em reuniões de negócios?,"Foque na preparação: conheça bem seu público, antecipe objeções e apresente argumentos com base em provas sociais e dados concretos. Use a técnica da reciprocidade oferecendo algo de valor antes de pedir um compromisso."
Minha contraproposta foi rejeitada. Como devo reagir?,Peça feedback específico para entender o motivo da rejeição. Reavalie sua proposta e identifique pontos de ajuste. Considere apresentar alternativas que atendam aos interesses da outra parte sem abrir mão dos seus objetivos principais.
Qual é a melhor forma de apresentar uma proposta de valor?,"Destaque os benefícios tangíveis e intangíveis da proposta, alinhando-os com as necessidades da outra parte. Use dados objetivos, exemplos concretos e demonstre como a proposta resolve um problema específico ou cria uma oportunidade."
Como responder a uma oferta muito abaixo do esperado?,"Responda com profissionalismo, destacando o valor da sua proposta. Use argumentos baseados em dados, resultados anteriores e diferenciais competitivos. Reforce o impacto positivo do acordo e explore pontos de flexibilidade para reabrir a negociação."
O que fazer quando a negociação está em impasse?,"Reavalie os interesses de ambas as partes e procure pontos de convergência. Considere a mediação de um terceiro neutro, se aplicável. Introduza novas variáveis ou moedas de troca para destravar o impasse e retomar o progresso."
Como criar rapport rapidamente em uma negociação?,"Comece com uma abordagem amigável, demonstrando interesse genuíno pela outra parte. Use técnicas de espelhamento sutil e encontre pontos em comum. A escuta ativa é essencial para construir confiança e conexão rapidamente."
Como lidar com um negociador agressivo?,"Mantenha uma postura calma e assertiva. Não reaja emocionalmente à agressividade; em vez disso, redirecione o foco para questões objetivas e interesses comuns. Estabeleça limites claros e use perguntas estratégicas para reduzir a tensão."
Quais são as melhores estratégias para uma negociação de alto valor?,"Invista em preparação detalhada, conhecendo o contexto, interesses e BATNA da outra parte. Use a técnica de ancoragem para definir expectativas favoráveis e crie propostas de valor que equilibrem ganhos mútuos. A flexibilidade e o timing são essenciais."
Como posso negociar um aumento de salário de forma eficaz?,Apresente resultados concretos que demonstram seu valor para a organização. Alinhe sua solicitação aos objetivos da empresa e esteja preparado para negociar benefícios alternativos caso o aumento direto não seja possível.
O que fazer quando a outra parte usa táticas de pressão psicológica?,Mantenha o controle emocional e não reaja impulsivamente. Reforce os pontos de interesse comum e traga a conversa de volta para dados objetivos. O uso de perguntas estratégicas pode ajudar a neutralizar a pressão.
Como posso convencer um cliente indeciso?,"Identifique as objeções específicas do cliente e aborde cada uma com soluções personalizadas. Use provas sociais, como depoimentos de outros clientes satisfeitos, para gerar confiança e reduzir a incerteza."
Qual a melhor forma de recusar uma proposta sem prejudicar o relacionamento?,"Seja respeitoso e transparente, explicando claramente os motivos da recusa. Ofereça uma alternativa viável ou mantenha a porta aberta para futuras negociações, demonstrando interesse em continuar a relação profissional."
Como posso negociar melhores prazos em um contrato?,"Apresente justificativas claras e baseadas em dados, demonstrando como o prazo estendido beneficiará ambas as partes. Proponha contrapartidas que agreguem valor para o outro lado, mostrando flexibilidade."
O que fazer quando o outro lado faz uma proposta injusta?,"Responda de forma profissional, destacando os pontos que tornam a proposta desequilibrada. Reforce o valor da sua posição e proponha ajustes que criem um cenário de benefício mútuo, mantendo o foco em resultados justos."
Como usar a ancoragem em uma negociação?,"Defina uma âncora inicial forte e bem fundamentada, que sirva de referência para o restante da negociação. O valor ancorado deve ser ambicioso, mas realista, para influenciar as expectativas da outra parte de forma estratégica."
Como manter a vantagem em uma negociação prolongada?,"Gerencie bem o tempo e o ritmo da negociação. Revise constantemente sua estratégia, mantenha o foco nos objetivos principais e esteja preparado para ajustar sua abordagem conforme novas informações surgirem."
Como posso criar um senso de urgência sem parecer desesperado?,"Destaque prazos legítimos, oportunidades limitadas ou condições especiais que podem expirar. Use uma abordagem confiante, focando nos benefícios de agir rapidamente, sem pressionar excessivamente a outra parte."
Qual a importância da escuta ativa em uma negociação?,"A escuta ativa permite compreender profundamente as necessidades da outra parte, identificar interesses ocultos e construir rapport. Demonstre atenção por meio de perguntas esclarecedoras e feedbacks que validem o que foi dito."
Como posso negociar com alguém que parece inflexível?,Identifique o que realmente importa para essa pessoa e procure áreas de interesse comum. Use perguntas abertas para explorar motivações subjacentes e proponha soluções criativas que atendam aos interesses de ambos.
O que fazer quando a negociação está muito emocional?,"Mantenha a calma e tente despersonalizar a situação, focando nos fatos e nos interesses comuns. Reconheça as emoções da outra parte de forma empática, mas traga o foco de volta para soluções objetivas."
Como posso melhorar meu poder de persuasão?,"Aprimore sua comunicação, use provas sociais, demonstre autoridade no assunto e crie conexões emocionais. Ajuste seus argumentos para o perfil da outra parte, explorando tanto aspectos racionais quanto emocionais."
Como lidar com concessões em uma negociação?,"Planeje previamente o que está disposto a conceder e em que condições. Sempre que fizer uma concessão, peça algo em troca para manter o equilíbrio e demonstrar que cada ajuste tem um valor associado."
O que fazer quando a outra parte tenta manipular a negociação?,"Reconheça as táticas de manipulação e mantenha o foco em fatos objetivos. Estabeleça limites claros e, se necessário, reforce sua posição com dados e argumentos racionais, sem ceder à pressão emocional."
Minha cliente está prestes a desistir de um acordo importante porque acha que o valor está muito alto. O que posso fazer?,"Identifique se a objeção é sobre o preço ou o valor percebido. Reforce os benefícios do acordo, demonstrando o retorno sobre o investimento. Considere oferecer uma opção escalonada para diluir o custo e aumentar a percepção de valor."
Estou negociando um contrato e a outra parte está inflexível quanto a uma cláusula que considero desfavorável. O que devo fazer?,Tente entender o motivo da inflexibilidade. Use perguntas abertas para explorar interesses subjacentes e proponha alternativas que atendam aos objetivos da outra parte sem prejudicar os seus.
"Em uma reunião, percebi que o outro negociador usa uma postura agressiva para tentar dominar a conversa. Como devo reagir?","Mantenha a calma e use comunicação assertiva, focada em fatos. Redirecione o foco para interesses da negociação com perguntas estratégicas."
"Tenho um cliente que nunca está satisfeito com as propostas, mesmo quando ofereço condições vantajosas. O que pode estar acontecendo?","O cliente pode buscar mais do que vantagens financeiras, como controle da negociação ou valorização de suas opiniões. Envolva-o na construção da solução."
Estou negociando um contrato de alto valor e a outra parte quer um desconto significativo. Como posso recusar sem perder o negócio?,"Reforce o valor da proposta, destacando diferenciais que justificam o preço. Se necessário, ofereça um benefício alternativo, como um serviço adicional."
"Durante uma negociação em grupo, percebo que uma pessoa influencia as decisões dos outros de forma negativa. O que posso fazer?","Identifique o influenciador e aborde-o individualmente para criar confiança. Durante reuniões, direcione perguntas a outros membros para equilibrar as vozes."
Meu cliente está hesitando em fechar o contrato porque recebeu uma oferta da concorrência. Como devo agir?,"Destaque os diferenciais da sua proposta, como qualidade e suporte. Se possível, ofereça um benefício exclusivo para agregar mais valor à sua oferta."
"Em uma negociação, a outra parte fez uma proposta muito abaixo do esperado. Como responder sem parecer inflexível?","Agradeça a proposta e explique, com dados concretos, por que o valor não é viável. Reforce o valor da sua oferta e proponha um ajuste que demonstre flexibilidade."
Tenho dificuldade em identificar o momento certo para fazer uma concessão. Qual é a melhor estratégia?,"O momento ideal é quando a concessão pode destravar a negociação e gerar reciprocidade. Planeje suas concessões previamente, sabendo o que pode ceder."
Como identificar se a outra parte está usando táticas de manipulação durante a negociação?,"Fique atento a mudanças bruscas de comportamento, pressão emocional ou promessas irreais. Questione educadamente e foque em dados objetivos para neutralizar táticas manipulativas."
Estou negociando um contrato internacional e percebo diferenças culturais que dificultam o progresso. O que devo fazer?,"Estude a cultura da outra parte e adapte sua abordagem. Demonstre respeito e crie conexão, pedindo esclarecimentos diplomáticos quando necessário."
"Em uma negociação, o outro lado insiste em condições que considero injustas. Como manter uma postura firme sem criar conflitos?",Comunique seus limites de forma assertiva e respeitosa. Explique por que as condições são inviáveis e proponha alternativas que beneficiem ambos os lados.
Como posso melhorar minha habilidade de leitura do comportamento da outra parte em uma negociação?,"Observe linguagem corporal, tom de voz e reações emocionais. Faça perguntas abertas para avaliar a consistência das respostas e identificar pontos sensíveis."
Estou em uma negociação de longo prazo e quero manter o engajamento da outra parte. Como posso fazer isso?,"Mantenha comunicação regular e relevante, destacando progressos e benefícios contínuos. Demonstre interesse genuíno pelo sucesso da outra parte."
"Durante uma negociação, percebi que o outro lado está mais focado em vencer do que em colaborar. Como posso mudar essa dinâmica?","Redirecione o foco da competição para a colaboração, destacando os benefícios de um acordo de ganho mútuo. Explore interesses comuns com perguntas estratégicas."
"Estou negociando com um cliente que foca apenas no preço, ignorando o valor do serviço. Como posso mudar essa percepção?","Reforce o valor agregado do serviço, destacando benefícios além do preço, como qualidade, suporte técnico e impacto nos resultados. Use estudos de caso ou depoimentos para ilustrar como o valor supera o custo inicial."
Meu cliente está hesitando porque acha que o risco é muito alto. Como posso reduzir essa percepção de risco?,"Ofereça garantias específicas, como cláusulas de performance, períodos de teste ou suporte estendido. Mostre evidências de sucesso com outros clientes e demonstre como você gerencia riscos de forma proativa."
"Estou lidando com uma parte que muda constantemente de posição, dificultando o progresso da negociação. O que posso fazer?","Estabeleça pontos de consenso firmes antes de avançar para novas questões. Documente acordos parciais e, se o comportamento persistir, questione de forma diplomática para entender as motivações ocultas."
Como posso convencer uma parte resistente a considerar uma nova proposta?,Mostre como a nova proposta atende melhor aos interesses da outra parte. Use uma abordagem consultiva e apresente evidências concretas de sucesso para apoiar sua proposta.
"Durante uma negociação, percebo que a outra parte está apenas testando meus limites. Como devo reagir?","Mantenha a calma, defina limites claros e use perguntas para redirecionar o foco para os interesses reais da negociação. Mostre que você conhece suas prioridades e não cederá facilmente."
Tenho dificuldade em negociar com pessoas muito racionais e focadas em dados. Como posso me adaptar?,"Prepare argumentos baseados em dados concretos, estatísticas e análises de custo-benefício. Evite apelos emocionais e foque em apresentar fatos objetivos de forma clara e direta."
"Em uma negociação internacional, percebo que a comunicação não está fluindo bem devido a diferenças culturais. O que devo fazer?",Pesquise sobre a cultura da outra parte para ajustar seu estilo de comunicação. Adapte o tom e o ritmo da conversa para criar conexão e reduzir mal-entendidos.
"Estou negociando com um cliente que sempre tenta obter mais concessões, mesmo após acordos prévios. Como lidar com isso?",Estabeleça limites firmes para concessões adicionais e reforce acordos já definidos. Explique que a negociação deve ser equilibrada e que concessões precisam ser recíprocas.
Como posso negociar de forma eficaz em situações de alta pressão?,Mantenha o foco nos objetivos principais e controle suas emoções. Use a preparação prévia para ter clareza sobre seus limites e alternativas. Faça pausas estratégicas quando necessário.
"Durante uma negociação, o outro lado apresentou uma proposta inesperada. Como devo reagir?","Evite responder de forma imediata. Agradeça a proposta, peça um tempo para analisá-la e avalie como ela se alinha aos seus objetivos. Peça esclarecimentos, se necessário."
Como lidar com uma negociação em que a outra parte tenta manipular emocionalmente a situação?,"Reconheça a tática sem reagir emocionalmente. Redirecione o foco para fatos e interesses concretos, usando perguntas objetivas para manter o controle da conversa."
Estou em uma negociação onde o poder está claramente com a outra parte. Como posso equilibrar isso?,Aumente seu poder de barganha destacando seu valor único. Explore alternativas (BATNA) para reduzir sua dependência do acordo e mostre que você contribui com algo essencial.
Como posso criar uma conexão mais forte em negociações virtuais?,"Invista em comunicação clara e objetiva, utilizando recursos visuais. Mantenha contato visual pela câmera, use o nome da pessoa e demonstre interesse genuíno."
"Tenho um cliente que parece indeciso, mesmo após várias apresentações. Como posso levá-lo a uma decisão?","Identifique as causas da indecisão com perguntas diretas. Reforce os benefícios da sua proposta e crie um senso de urgência, destacando oportunidades limitadas."
"Em uma negociação, o outro lado insiste em manter condições desfavoráveis. Como posso propor uma alternativa sem parecer fraco?","Apresente sua alternativa como uma proposta de valor superior. Use argumentos baseados em dados, mostrando confiança na solução e destacando o benefício mútuo."
"Estou negociando um contrato, mas a outra parte quer um desconto maior. O que posso oferecer sem reduzir o preço?","Ofereça moedas de troca, como prazos de pagamento mais flexíveis, suporte técnico estendido, bônus em serviços futuros ou condições especiais para contratos de longo prazo. Isso agrega valor sem impactar a margem de lucro."
Meu cliente quer reduzir o escopo do projeto para diminuir custos. Como posso manter o valor do contrato?,"Ofereça consultorias adicionais, customização de serviços, treinamentos exclusivos ou um cronograma mais ágil para justificar o valor original, demonstrando que o valor vai além do escopo básico."
Estou em uma negociação salarial e a empresa não pode aumentar o salário. O que posso pedir em troca?,"Negocie benefícios alternativos, como bônus de performance, horários flexíveis, mais dias de folga, cursos pagos pela empresa ou trabalho remoto, agregando valor sem impacto direto na folha de pagamento."
Estou negociando um contrato internacional e a outra parte quer condições comerciais difíceis. O que posso propor como moeda de troca?,"Ofereça facilidades logísticas, suporte personalizado no idioma local, exclusividade regional ou assistência legal local, que são valiosas em negociações internacionais."
"O cliente quer um prazo de entrega muito curto, o que é difícil para minha equipe. O que posso negociar em troca?","Negocie uma taxa adicional para prazos urgentes, redução do escopo do projeto ou compromissos do cliente para decisões mais rápidas e acesso facilitado a recursos."
Como posso usar moedas de troca para fechar um contrato mais rapidamente?,"Crie um senso de urgência com condições especiais por tempo limitado, como descontos exclusivos para fechamento rápido, bônus de serviços adicionais ou condições de pagamento diferenciadas."
Estou negociando uma parceria comercial e quero mais visibilidade para minha marca. O que posso oferecer em troca?,"Ofereça acesso à sua base de clientes, participação em eventos conjuntos, campanhas de marketing colaborativas ou condições comerciais preferenciais para fortalecer a parceria."
O fornecedor não quer reduzir o preço do material. O que posso propor como moeda de troca?,"Ofereça contratos de longo prazo, aumento no volume de compras, pagamento antecipado ou uma parceria estratégica que beneficie ambos em projetos futuros."
"Em uma negociação de compra, quero um preço melhor, mas o vendedor está resistente. O que posso oferecer?","Ofereça indicações de novos clientes, feedbacks estratégicos, estudos de caso em troca de descontos ou compromisso de compra recorrente para criar um equilíbrio."
Estou negociando um contrato e quero incluir uma cláusula de exclusividade. O que posso oferecer em troca?,"Ofereça condições comerciais mais atrativas, maior volume de negócios, campanhas de marketing conjuntas ou suporte técnico prioritário para justificar a exclusividade."
"O cliente quer mais garantias no contrato, o que é difícil para minha empresa. O que posso negociar em troca?","Negocie uma compensação financeira, como taxas adicionais para garantias estendidas, limite o escopo da garantia ou proponha o compartilhamento de responsabilidades."
Estou em uma negociação difícil e preciso de uma concessão da outra parte. Como posso estruturar uma moeda de troca eficaz?,"Identifique o que é valioso para a outra parte e de baixo custo para você. Ofereça prazos flexíveis, suporte extra ou exclusividade, mostrando o impacto positivo para a relação."
"O cliente quer cancelar um contrato, mas ainda temos pendências. O que posso oferecer para evitar o cancelamento?","Ofereça uma revisão das condições contratuais, ajustes em prazos, valores ou escopo, ou benefícios temporários, como descontos ou suporte adicional, para preservar o relacionamento."
Quero negociar uma taxa de comissão mais alta com meu parceiro comercial. O que posso oferecer em troca?,"Ofereça metas de desempenho mais ambiciosas, exclusividade em determinada região ou apoio em ações de marketing para justificar o aumento da comissão."
"O cliente quer um atendimento prioritário, mas isso gera mais custos para minha equipe. O que posso pedir em troca?",Negocie uma taxa adicional para atendimento prioritário ou proponha um contrato de longo prazo que justifique o investimento extra. Outra opção é solicitar maior previsibilidade no planejamento de demandas.
Preciso iniciar uma negociação com uma empresa para vender um serviço de consultoria. Como começo?,"Comece estabelecendo rapport e entendendo as necessidades da empresa. Pergunte: ""Quais são os principais desafios que sua empresa enfrenta atualmente e como você imagina que uma consultoria poderia ajudar?"""
Eles disseram que querem reduzir custos e melhorar a eficiência operacional.,"Destaque como sua consultoria pode resolver esses pontos. Diga: ""Nosso serviço é focado em otimizar processos, reduzindo custos sem comprometer a qualidade. Gostaria de compartilhar um caso de sucesso semelhante?"""
"Eles gostaram da ideia, mas disseram que o orçamento está limitado.","Crie uma moeda de troca. Responda: ""Entendo a preocupação com o orçamento. Podemos oferecer um plano modular, onde você paga por etapas concluídas com resultados comprovados. Isso trará mais segurança no investimento."""
Eles ainda acham caro e querem um desconto.,"Mantenha o valor da proposta oferecendo benefícios complementares. Diga: ""Em vez de um desconto direto, posso incluir um treinamento adicional para sua equipe, garantindo que o impacto da consultoria seja duradouro."""
"Eles aceitaram o treinamento, mas querem garantir que terão suporte após o projeto.","Negocie essa condição com reciprocidade: ""Podemos oferecer suporte pós-projeto por três meses sem custo adicional, desde que o contrato seja fechado até o final da semana. Assim, garantimos um acompanhamento contínuo e o início rápido da implementação."""
Eles concordaram. Fechamos o contrato!,Parabéns! O uso estratégico de moedas de troca e foco nos resultados ajudaram a fechar o acordo com sucesso.
Quero negociar um aumento de salário com meu chefe. Por onde começo?,"Inicie destacando suas contribuições. Diga: ""Gostaria de conversar sobre minha evolução na empresa e o impacto dos resultados que venho entregando. Podemos discutir isso?"""
"Ele concordou em conversar, mas disse que o orçamento da empresa está apertado.","Apresente moedas de troca. Diga: ""Entendo o momento da empresa. Além do ajuste salarial, gostaria de explorar benefícios adicionais, como cursos de capacitação pagos pela empresa ou maior flexibilidade de horário."""
"Ele disse que pode oferecer cursos, mas não o aumento agora.","Negocie um plano de progressão. Responda: ""Ótimo, agradeço pelo curso. Podemos estabelecer metas específicas que, ao serem atingidas nos próximos meses, justifiquem uma revisão salarial? Isso nos dá um caminho claro para avançar."""
Ele gostou da ideia de metas. O que faço agora?,"Formalize o acordo. Diga: ""Perfeito, vamos definir juntos as metas e prazos para que possamos revisar meu progresso. Assim, teremos um compromisso mútuo com resultados e desenvolvimento profissional."""
Conseguimos um acordo com metas claras e um plano para revisão salarial em seis meses.,Parabéns! O uso de metas claras e a negociação de benefícios adicionais ajudaram a construir um plano de progressão bem estruturado.
Quero negociar uma parceria com outra empresa para expandir nosso alcance de mercado. Como devo abordar?,"Comece destacando o benefício mútuo. Diga: ""Vejo uma grande sinergia entre nossas empresas. Gostaria de explorar como podemos criar uma parceria que beneficie ambos os lados. O que você busca em uma colaboração estratégica?"""
"Eles estão interessados, mas preocupados com o compartilhamento de clientes.","Crie uma moeda de troca. Diga: ""Entendo a preocupação. Podemos definir cláusulas de exclusividade para determinadas regiões ou segmentos, garantindo que ambos protejam suas bases de clientes enquanto expandimos o mercado juntos."""
"Eles querem exclusividade total, mas acho isso limitante.","Negocie uma solução intermediária. Responda: ""Podemos trabalhar com exclusividade parcial, focada em um período de teste. Após esse período, revisamos o impacto da parceria e ajustamos as condições conforme necessário."""
"Eles aceitaram a exclusividade parcial, mas querem uma participação maior nos lucros.","Ofereça uma contrapartida. Diga: ""Podemos considerar uma participação maior, desde que vocês assumam um papel mais ativo nas campanhas de marketing conjuntas, compartilhando investimentos e responsabilidades."""
Eles concordaram com a divisão de responsabilidades. Fechamos a parceria!,Parabéns! O equilíbrio entre exclusividade parcial e a divisão de responsabilidades ajudou a consolidar uma parceria sólida e estratégica.
"""Estou negociando com um cliente que parece muito inseguro, sempre pedindo mais detalhes e adiando decisões. Como posso lidar com isso?""","""Use técnicas de reafirmação emocional: 'Entendo que tomar essa decisão é importante para você. Posso compartilhar casos de clientes semelhantes? Podemos definir um período de teste para que você se sinta mais seguro.'"""
"""Estou negociando com uma pessoa que tenta controlar toda a conversa. Como manter o equilíbrio?""","""Use escuta ativa estratégica: 'Percebo que você tem pontos fortes sobre esse assunto. Gostaria de entender melhor sua perspectiva para encontrarmos uma solução juntos.'"""
"""Estou lidando com um cliente agressivo que responde de forma rude. Como posso continuar a negociação sem perder o controle?""","""Use despersonalização do conflito: 'Entendo que essa questão é importante para você. O que seria uma abordagem ideal do seu ponto de vista?'"""
"""Como negociar com alguém que só quer vantagens para si e não parece disposto a ceder?""","""Use âncora de benefício mútuo: 'Entendo que é importante obter o máximo valor. O que acha de explorarmos uma forma de maximizar o benefício para ambos?'"""
"""Estou em uma negociação e a outra parte fica em silêncio por muito tempo. O que isso significa e como devo agir?""","""Use quebra de silêncio com perguntas abertas: 'Percebi que você está refletindo. Existe alguma preocupação específica que podemos abordar juntos?'"""
"""Estou negociando com alguém que muda de opinião o tempo todo. Isso está dificultando o progresso. O que devo fazer?""","""Use ancoragem de compromisso: 'Vamos recapitular o que já alinhamos até agora. O que mudou em sua perspectiva para reconsiderarmos alguns pontos?'"""
"""Estou negociando com alguém que é extremamente racional, focado apenas em números e dados. Como posso conectar melhor?""","""Use dados emocionais disfarçados de lógicos: 'Empresas que adotaram essa solução reduziram custos e criaram um ambiente mais produtivo.' Você usa dados, mas insere um elemento humano."""
"""Estou tentando fechar um contrato, mas o cliente sempre adia a decisão. O que posso fazer?""","""Use compromisso mínimo: 'Que tal começarmos com um projeto piloto de menor escala? Assim, você avalia os resultados antes de um contrato maior.'"""
"""Como negociar com alguém que se emociona facilmente e toma decisões impulsivas?""","""Use validação emocional: 'Entendo que essa situação é importante para você. Vamos analisar juntos algumas opções para encontrar uma solução positiva para ambos?'"""
"""Estou negociando com um cliente que parece sempre na defensiva, desconfiado de tudo. Como ganho a confiança dele?""","""Use vulnerabilidade estratégica: 'Sei que pode ser difícil confiar em novas parcerias. Podemos começar com algo pequeno para que você avalie por si mesmo.'"""
"""Tenho uma reunião com um potencial cliente para oferecer serviços de marketing digital. Como começo sem parecer só mais um vendedor?""","""Seja autêntico e focado em ouvir: 'Olá, gostaria de entender mais sobre o que vocês buscam para o crescimento da marca. O que está funcionando atualmente e o que vocês gostariam de melhorar?'"""
"""O cliente disse que já tem uma equipe interna, mas sente que os resultados estão estagnados.""","""Valide e explore: 'Isso faz muito sentido. Uma perspectiva externa ajuda a identificar oportunidades. O que vocês gostariam de alcançar que ainda não conseguiram?'"""
"""Eles querem aumentar a taxa de conversão, mas estão preocupados com o orçamento.""","""Mostre flexibilidade: 'Entendo perfeitamente. Podemos começar com um projeto-piloto focado em otimização de conversão, medindo resultados antes de expandir.'"""
"""Eles querem um desconto no projeto-piloto.""","""Ofereça uma moeda de troca: 'Posso ajustar o custo se fizermos um contrato de três meses, com possibilidade de expansão conforme resultados. Isso traz segurança para ambos.'"""
"""Eles gostaram da ideia do contrato de três meses. O que mais posso fazer para garantir o fechamento?""","""Reforce a confiança: 'Vamos documentar metas claras para acompanhar o progresso juntos, garantindo transparência e resultados tangíveis desde o início.'"""
"""Perfeito, eles concordaram. Fechamos o contrato!""","""Parabéns! O uso de escuta ativa e foco em valor agregado ajudou a fechar o contrato com sucesso."""
"""Estou negociando um acordo em um processo trabalhista, mas as emoções estão altas. Como começo a conversa?""","""Reconheça o impacto da situação: 'Entendo que este é um assunto sensível para ambas as partes. O objetivo é encontrar uma solução justa para todos. O que é mais importante para você neste momento?'"""
"""A outra parte está muito resistente e quer uma indenização alta.""","""Mostre empatia e explore além do financeiro: 'Compreendo sua posição. Além da compensação financeira, há algo mais que possa trazer um senso de justiça para você?'"""
"""Eles disseram que querem uma carta de recomendação e o pagamento rápido.""","""Use isso como moeda de troca: 'Podemos oferecer uma carta de recomendação e agilizar o pagamento, desde que cheguemos a um valor viável para ambos. Isso ajudaria a resolver a situação de forma mais rápida?'"""
"""Eles estão considerando, mas ainda querem mais.""","""Reforce o benefício mútuo: 'Nosso objetivo é garantir respeito mútuo. Podemos ajustar o valor um pouco mais, mas dentro de um limite razoável. O que acha de encontrarmos um meio-termo?'"""
"""Eles concordaram com uma quantia menor e com a carta de recomendação. Conseguimos o acordo!""","""Ótimo! O equilíbrio entre empatia e foco em soluções práticas foi essencial para o sucesso da negociação."""
"""Estou tentando vender um software para uma pequena empresa, mas eles acham que não precisam de algo tão avançado. O que eu faço?""","""Evite pressionar: 'Entendo que sua equipe já tem um sistema. O que você gostaria que fosse mais simples ou eficiente no seu dia a dia?'"""
"""Eles disseram que gastam muito tempo em tarefas manuais.""","""Conecte o problema à solução: 'Isso é exatamente o que nosso software resolve. Ele automatiza essas tarefas, liberando tempo da equipe. Gostaria de ver como isso funciona na prática?'"""
"""Eles estão interessados, mas preocupados com o custo.""","""Ofereça uma moeda de troca: 'Podemos começar com um plano básico, com a possibilidade de expansão conforme o crescimento da empresa.'"""
"""Eles querem um período de teste gratuito.""","""Negocie com uma condição: 'Podemos oferecer um teste gratuito de 30 dias, desde que ao final possamos marcar uma reunião para avaliar os resultados. Isso seria justo?'"""
"""Eles concordaram com o teste e a reunião de avaliação. Fechamos!""","""Excelente! A abordagem consultiva e o teste condicional foram fundamentais para conquistar a confiança do cliente."""
"""Quero negociar um aumento de honorários com um cliente antigo, mas tenho medo de perder o contrato. Como começo?""","""Valorize o relacionamento: 'Temos uma parceria sólida e valorizo isso. Gostaria de conversar sobre um ajuste nos honorários para refletir melhor o valor do trabalho atual. Podemos discutir?'"""
"""O cliente disse que o orçamento está apertado e que já pagam um valor justo.""","""Crie um argumento de valor: 'Entendo o desafio orçamentário. Proponho um ajuste que reflete o impacto direto que temos gerado nos resultados da empresa. Podemos ajustar isso de forma gradual?'"""
"""Eles estão abertos a discutir, mas querem garantias de que o serviço continuará com a mesma qualidade.""","""Ofereça uma moeda de troca: 'O ajuste permitirá mais recursos e atenção ao projeto. Além disso, posso incluir relatórios trimestrais de desempenho para garantir transparência.'"""
"""Eles gostaram da ideia dos relatórios, mas querem um aumento menor do que o proposto.""","""Negocie um meio-termo: 'Podemos ajustar o valor para algo entre o que propus e o que vocês sugeriram, com uma revisão após seis meses para avaliarmos o equilíbrio. Isso funciona para vocês?'"""
"""Eles concordaram com o ajuste gradual e a revisão semestral. Fechamos o novo contrato!""","""Parabéns! O equilíbrio entre valor agregado e compromisso com a qualidade foi a chave para o sucesso da negociação."""
"""Estou negociando uma parceria com uma empresa de tecnologia. Como devo iniciar a conversa?""","""Crie conexão: 'Acredito que há um grande potencial de sinergia entre nossas empresas. Gostaria de entender melhor quais são as prioridades de vocês para que possamos construir algo que gere valor para ambos.'"""
"""Eles disseram que querem aumentar a presença no mercado, mas estão preocupados com os custos.""","""Mostre entendimento e apresente valor: 'Nossa proposta é uma parceria onde ambos investimos de forma proporcional aos resultados obtidos, minimizando o risco inicial. O que acha dessa abordagem?'"""
"""Eles estão interessados, mas querem mais detalhes sobre o modelo de divisão de lucros.""","""Apresente uma moeda de troca: 'Podemos definir uma divisão de lucros justa, ajustada de acordo com o desempenho da parceria. Além disso, podemos oferecer suporte de marketing sem custos adicionais no início, para acelerar os resultados.'"""
"""Eles querem exclusividade na região, mas não temos certeza se isso é viável.""","""Negocie com equilíbrio: 'Podemos considerar uma exclusividade temporária de seis meses, com a possibilidade de renovação, baseada nos resultados alcançados durante esse período.'"""
"""Eles gostaram da ideia da exclusividade temporária. Fechamos o acordo!""","""Parabéns! A combinação de flexibilidade e foco em resultados foi fundamental para o sucesso da negociação."""
"""Preciso renegociar o valor do aluguel do meu espaço comercial, mas o proprietário é inflexível. O que posso fazer?""","""Demonstre respeito: 'Tenho valorizado muito a parceria ao longo dos anos. Gostaria de discutir a possibilidade de um ajuste no aluguel, considerando as mudanças no mercado. Podemos conversar sobre isso?'"""
"""O proprietário disse que o contrato está em vigor e que o valor é justo.""","""Responda com dados e empatia: 'Entendo. No entanto, o cenário econômico atual impactou nosso fluxo de caixa. Podemos revisar juntos o contrato para encontrar uma solução que funcione para ambos?'"""
"""Ele está resistente, mas aceitou ouvir uma proposta.""","""Ofereça uma moeda de troca: 'Podemos propor uma redução temporária do aluguel pelos próximos seis meses, com um reajuste gradual após esse período. Em troca, estendo o contrato de locação por mais dois anos, garantindo estabilidade para ambos.'"""
"""Ele está considerando, mas quer garantias de que o valor será reajustado depois.""","""Reforce a proposta: 'Podemos formalizar uma cláusula no contrato que define o reajuste automático após o período acordado. Isso dá segurança para você e fôlego financeiro para nós nesse momento.'"""
"""Ele aceitou o ajuste temporário com a cláusula de reajuste. Conseguimos o acordo!""","""Excelente! O equilíbrio entre empatia, transparência e segurança mútua foi essencial para o sucesso da negociação."""
"""Estou vendendo um serviço de consultoria em RH para uma empresa que já tem uma equipe interna. Como posso mostrar o valor do meu serviço?""","""Destaque o valor complementar: 'Vejo que vocês têm uma equipe sólida de RH. Nosso papel é complementar esse trabalho, trazendo uma visão externa que pode identificar oportunidades de melhoria e eficiência.'"""
"""Eles disseram que estão satisfeitos com a equipe atual e não querem gastar mais.""","""Mostre o impacto do seu serviço: 'Nossa consultoria foca em otimizar processos que podem gerar economias significativas a longo prazo. Podemos fazer uma análise preliminar gratuita para identificar oportunidades de redução de custos?'"""
"""Eles aceitaram a análise, mas ainda estão céticos.""","""Crie uma moeda de troca: 'Após a análise, se identificarmos oportunidades de economia, podemos trabalhar com um modelo de remuneração baseado em resultados. Assim, vocês só investem se houver impacto real.'"""
"""Eles gostaram da ideia de pagamento baseado em resultados.""","""Finalize com segurança: 'Vamos formalizar essa parceria, definindo indicadores de desempenho claros para garantir transparência e resultados mensuráveis.'"""
"""Fechamos o contrato com o modelo baseado em resultados!""","""Parabéns! O uso de uma abordagem baseada em resultados e métricas claras foi fundamental para fechar o contrato."""
"""Preciso negociar a reestruturação de uma dívida com o banco. Eles são rígidos com as condições. Como devo abordar?""","""Comece com transparência: 'Estou aqui para discutir uma forma sustentável de reestruturar a dívida. O objetivo é garantir que o pagamento seja viável para mim e que o banco mantenha a segurança financeira. Podemos analisar juntos algumas alternativas?'"""
"""O banco disse que as condições do contrato são padrão e não podem ser alteradas.""","""Reforce a importância da renegociação: 'Entendo que existem políticas internas, mas reestruturar a dívida pode ser mais vantajoso do que enfrentar inadimplência. Podemos explorar a possibilidade de alongar o prazo ou ajustar temporariamente as taxas de juros?'"""
"""Eles aceitaram analisar uma proposta, mas querem uma garantia adicional.""","""Ofereça uma moeda de troca: 'Podemos considerar a inclusão de uma garantia adicional limitada, ou a vinculação de um fluxo de recebíveis como forma de segurança para o banco. Isso seria suficiente para avançarmos?'"""
"""Eles estão considerando, mas querem um compromisso de pagamento mínimo.""","""Negocie um meio-termo: 'Podemos definir um valor mínimo que seja viável para mim, com cláusulas de revisão semestral para ajustar conforme a evolução da minha situação financeira.'"""
"""O banco aceitou o novo plano de pagamento. Acordo fechado!""","""Ótimo! O uso de garantias flexíveis e um compromisso realista ajudaram a consolidar o acordo de forma sustentável para ambas as partes."""